{
    "epoch": 2.999170124481328,
    "total_flos": 1.819645724446556e+17,
    "train_loss": 0.6890713409023912,
    "train_runtime": 2814.0464,
    "train_samples_per_second": 7.707,
    "train_steps_per_second": 0.963
}